Player.Name,Salary,Position,Age,Team,GP,MP,FGA,FG.,TRB,AST,PTS,Total.Minutes,PER,TS.,FTr,TRB.,AST.,USG.,WS,OBPM,DBPM,BPM,VORP
Stephen Curry,48070014,PG,34,GSW,56,34.7,20.2,0.493,6.1,6.3,29.4,1941,24.1,0.656,0.248,9.7,30,31,7.8,7.5,0.1,7.5,4.7
John Wall,47345760,PG,32,LAC,34,22.2,9.9,0.408,2.7,5.2,11.4,755,13.6,0.498,0.334,6.8,35.3,27,0.3,-0.8,-0.4,-1.2,0.1
Russell Westbrook,47080179,PG,34,LAL/LAC,73,29.1,13.6,0.436,5.8,7.5,15.9,2126,16.1,0.513,0.317,10.8,38.6,27.7,1.9,0.3,-0.1,0.2,1.2
LeBron James,44474988,PF,38,LAL,55,35.5,22.2,0.5,8.3,6.8,28.9,1954,23.9,0.583,0.268,12.5,33.5,33.3,5.6,5.5,0.6,6.1,4
Kevin Durant,44119845,PF,34,BRK/PHO,47,35.6,18.3,0.56,6.7,5,29.1,1672,25.9,0.677,0.387,10.5,24.5,30.7,6.8,6,1.2,7.1,3.9
Bradley Beal,43279250,SG,29,WAS,50,33.5,17.6,0.506,3.9,5.4,23.2,1673,19.7,0.593,0.26,6.5,26.6,29.2,3.4,2.9,-1.2,1.8,1.6
Kawhi Leonard,42492492,SF,31,LAC,52,33.6,16.8,0.512,6.5,3.9,23.8,1748,23.9,0.623,0.32,10.8,19.6,27,7.1,5.1,0.9,6.1,3.5
Paul George,42492492,SF,32,LAC,56,34.6,17.9,0.457,6.1,5.1,23.8,1939,19.6,0.588,0.293,9.9,24.2,29.5,4.6,2.4,0.3,2.8,2.3
Giannis Antetokounmpo,42492492,PF,28,MIL,63,32.1,20.3,0.553,11.8,5.7,31.1,2024,29,0.605,0.604,19.1,33.2,38.8,8.6,5.8,2.7,8.5,5.4
Damian Lillard,42492492,PG,32,POR,58,36.3,20.7,0.463,4.8,7.3,32.2,2107,26.7,0.645,0.464,7.6,35,33.8,9,8.3,-1.2,7.1,4.9
Klay Thompson,40600080,SF,32,GSW,69,33,18.1,0.436,4.1,2.4,21.9,2279,14.7,0.576,0.105,6.9,11,26.4,3.1,1.5,-1.7,-0.3,1
Kyrie Irving,38917057,PG,30,BRK/DAL,60,37.4,20.1,0.494,5.1,5.5,27.1,2241,22.4,0.613,0.227,7.7,25.4,28.9,7.4,4.8,-0.7,4.1,3.5
Rudy Gobert,38172414,C,30,MIN,70,30.7,7.8,0.659,11.6,1.2,13.4,2148,18.9,0.675,0.623,21.2,5.6,16.3,7.8,0,0.7,0.7,1.4
Khris Middleton,37984276,SF,31,MIL,33,24.3,12.3,0.436,4.2,4.9,15.1,801,17.4,0.551,0.251,9.1,30.7,27.4,1.9,1,-0.3,0.8,0.6
Anthony Davis,37980720,C,29,LAL,56,34,17.2,0.563,12.5,2.6,25.9,1904,27.8,0.627,0.462,19.7,13,28.4,9,4.6,1.7,6.3,4
Jimmy Butler,37653300,PF,33,MIA,64,33.4,13.9,0.539,5.9,5.3,22.9,2138,27.6,0.647,0.625,10.3,27.1,25.6,12.3,6.7,2,8.7,5.8
Tobias Harris,37633050,SF,30,PHI,74,32.9,11.4,0.501,5.7,2.5,14.7,2436,14.8,0.602,0.153,10.3,11.4,18.2,5.9,0.6,0.1,0.7,1.7
Kemba Walker,37281261,PG,32,DAL,9,16,6.3,0.421,1.8,2.1,8,144,15,0.543,0.368,6.5,20.1,22.1,0.3,0.3,-0.6,-0.3,0.1
Trae Young,37096500,PG,24,ATL,73,34.8,19,0.429,3,10.2,26.2,2541,22,0.573,0.46,4.7,42.5,32.6,6.7,5.3,-2,3.3,3.4
Zach LaVine,37096500,SG,27,CHI,77,35.9,18,0.485,4.5,4.2,24.8,2768,19,0.607,0.308,7.1,18.7,28.3,7.1,2.7,-0.7,1.9,2.7
Ben Simmons,35448672,PG,26,BRK,42,26.3,5.6,0.566,6.3,6.1,6.9,1105,13.4,0.559,0.243,13.4,31.3,14.3,2.2,-2.2,2.6,0.4,0.7
Pascal Siakam,35448672,PF,28,TOR,71,37.4,18.5,0.48,7.8,5.8,24.2,2652,20.3,0.565,0.361,11.9,24.9,27.2,7.8,3.3,-0.1,3.1,3.4
Myles Turner,35096500,C,26,IND,62,29.4,11.8,0.548,7.5,1.4,18,1825,20,0.651,0.377,14.2,7.5,22,5.4,1.4,0.7,2.1,1.9
Jrue Holiday,34319520,PG,32,MIL,67,32.6,15.3,0.479,5.1,7.4,19.3,2183,19.2,0.586,0.173,8.1,34.4,25,6.7,3,0.1,3.1,2.8
Karl-Anthony Towns,33833400,PF,27,MIN,29,33,14.8,0.495,8.1,4.8,20.8,957,18.8,0.618,0.315,13.8,22,25.6,2.7,2.1,0.9,3,1.2
Devin Booker,33833400,SG,26,PHO,53,34.6,20.1,0.494,4.5,5.5,27.8,1835,22,0.601,0.336,7.2,27.3,31.8,6,4.5,-0.3,4.2,2.9
Andrew Wiggins,33616770,SF,27,GSW,37,32.2,14.3,0.473,5,2.3,17.1,1190,14.7,0.564,0.136,8.6,10.5,21.5,2.3,-0.1,-0.4,-0.5,0.5
Joel Embiid,33616770,C,28,PHI,66,34.6,20.1,0.548,10.2,4.2,33.1,2284,31.4,0.655,0.581,17.3,22.9,37,12.3,6.8,2.3,9.2,6.4
CJ McCollum,33333333,SG,31,NOP,75,35.3,17.9,0.437,4.4,5.7,20.9,2649,15.6,0.541,0.177,7,25.1,26.4,4.3,1.5,-0.7,0.8,1.9
James Harden,33000000,PG,33,PHI,58,36.8,14.5,0.441,6.1,10.7,21,2135,21.6,0.607,0.429,9.8,43.3,25,8.4,5.1,0.3,5.4,4
Jamal Murray,31650600,PG,25,DEN,65,32.8,16,0.454,4,6.2,20,2133,18,0.571,0.207,6.9,27.5,26.1,5.1,2.6,-1.3,1.3,1.8
Brandon Ingram,31650600,SF,25,NOP,45,34.2,18.6,0.484,5.5,5.8,24.7,1538,19.2,0.582,0.326,9.1,28.1,30.8,3.5,2.2,-0.4,1.7,1.4
D'Angelo Russell,31377750,PG,26,LAL/MIN,71,32.5,13.4,0.469,3,6.2,17.8,2304,16.3,0.605,0.228,5.2,27.4,22.7,5.1,2.1,-0.7,1.5,2
Donovan Mitchell,30913750,SG,26,CLE,68,35.8,20.6,0.484,4.3,4.4,28.3,2432,22.9,0.614,0.262,7,21.4,32.1,8.9,5.6,0.6,6.3,5
Shai Gilgeous-Alexander,30913750,PG,24,OKC,68,35.5,20.3,0.51,4.8,5.5,31.4,2416,27.2,0.626,0.535,7.3,25.7,32.8,11.4,5.7,1.5,7.3,5.6
Deandre Ayton,30913750,C,24,PHO,67,30.4,13.2,0.589,10,1.7,18,2035,19.9,0.617,0.225,18.1,9.2,22.9,6.2,0.9,0,0.9,1.5
Kevin Love,30556968,PF,34,CLE/MIA,62,20,6.8,0.389,6.4,1.9,8.2,1240,13.1,0.548,0.215,18.9,13.2,19.2,2.6,0.2,0.4,0.6,0.8
Jayson Tatum,30351780,SF,24,BOS,74,36.9,21.1,0.466,8.8,4.6,30.1,2732,23.7,0.607,0.399,13,20.9,32.7,10.5,4.8,0.7,5.5,5.1
Bam Adebayo,30351780,C,25,MIA,75,34.6,14.9,0.54,9.2,3.2,20.4,2598,20.1,0.592,0.361,15.5,15.9,25.2,7.4,0.8,0.8,1.5,2.3
De'Aaron Fox,30351780,PG,25,SAC,73,33.4,18.2,0.512,4.2,6.1,25,2435,21.8,0.599,0.331,7.2,29.6,30.1,7.4,3.4,-0.9,2.5,2.7
Gordon Hayward,30075000,SF,32,CHO,50,31.5,11.6,0.475,4.3,4.1,14.7,1577,13.5,0.563,0.274,7.3,19.3,20,2,-1.1,-0.3,-1.4,0.2
Jaylen Brown,29776785,SF,26,BOS,67,35.9,20.6,0.491,6.9,3.5,26.6,2405,19.1,0.581,0.249,10.4,16.5,31.4,5,1.5,-0.2,1.3,2
Chris Paul,28400000,PG,37,PHO,59,32,11.3,0.44,4.3,8.9,13.9,1889,17.7,0.555,0.24,7.4,38.7,19.2,6.2,2,1.2,3.2,2.5
Kyle Lowry,28333334,PG,36,MIA,55,31.2,8.8,0.404,4.1,5.1,11.2,1718,12.6,0.565,0.278,7.7,23.4,16.7,3.4,-0.7,0.8,0.2,0.9
Jalen Brunson,27733332,PG,26,NYK,68,35,17.6,0.491,3.5,6.2,24,2379,21.2,0.597,0.328,5.6,28.7,27.2,8.7,4.4,-0.5,3.9,3.5
DeMar DeRozan,27300000,SF,33,CHI,74,36.2,17.6,0.504,4.6,5.1,24.5,2682,20.6,0.592,0.401,7.2,22.3,27.8,8.5,1.7,0.3,2,2.6
Al Horford,26500000,C,36,BOS,63,30.5,7.6,0.476,6.2,3,9.8,1922,13.8,0.631,0.044,11.1,13.2,11.9,6.3,1.6,1.7,3.3,2.5
Draymond Green,25806468,PF,32,GSW,73,31.5,6.5,0.527,7.2,6.8,8.5,2297,12.2,0.592,0.228,12.6,27.8,13.2,4.7,-1.8,2.6,0.8,1.6
Julius Randle,23760000,PF,28,NYK,77,35.5,18.6,0.459,10,4.1,25.1,2737,20.3,0.581,0.371,15.4,18.5,29.5,8.1,3.9,-0.2,3.7,3.9
John Collins,23500000,PF,25,ATL,71,30,10,0.508,6.5,1.2,13.1,2130,13.6,0.593,0.252,11.9,5.3,17.1,4.2,-1.4,0.2,-1.3,0.4
Mike Conley,22680000,PG,35,MIN/UTA,67,30.3,9.1,0.428,2.7,6.7,11.9,2029,14.7,0.583,0.277,4.9,29.4,16.3,5.5,1,-0.1,0.9,1.5
Malcolm Brogdon,22600000,PG,30,BOS,67,26,10.9,0.484,4.2,3.7,14.9,1744,18.2,0.615,0.251,8.8,21.5,22.8,5.8,2.3,0.6,2.8,2.1
Anfernee Simons,22321429,SG,23,POR,62,35,16.9,0.447,2.6,4.1,21.1,2171,14.8,0.581,0.171,4.3,18.6,25.1,2.5,1.3,-2.5,-1.1,0.5
Terry Rozier,21486316,SG,28,CHO,63,35.3,18.9,0.415,4.1,5.1,21.1,2221,14.7,0.517,0.185,6.2,22.7,26.9,1.7,0.6,-1.1,-0.6,0.8
Fred VanVleet,21250000,PG,28,TOR,69,36.7,16.1,0.393,4.1,7.2,19.3,2535,17,0.54,0.254,6.3,28.1,23.2,6.5,2,0.5,2.5,2.9
Buddy Hield,21177750,SF,30,IND,80,31,13,0.458,5,2.8,16.8,2482,15.4,0.614,0.124,8.9,13.3,20.8,4.4,2.5,-0.6,1.9,2.4
Domantas Sabonis,21100000,C,26,SAC,79,34.6,11.9,0.615,12.3,7.3,19.1,2736,23.5,0.668,0.467,20.3,30.4,21.3,12.6,4.1,1.8,5.8,5.4
Jerami Grant,20955000,PF,28,POR,63,35.7,14.5,0.475,4.5,2.4,20.5,2246,16,0.606,0.375,7.2,10.3,22.8,4.1,1.2,-1.4,-0.2,1
Aaron Gordon,20690909,PF,27,DEN,68,30.2,11.2,0.564,6.6,3,16.3,2055,19.5,0.617,0.413,12.5,14.2,21.1,6.8,2.4,-0.3,2.1,2.1
Mikal Bridges,20100000,SF,26,BRK/PHO,83,35.7,15.3,0.468,4.4,3.3,20.1,2963,16.8,0.587,0.279,6.8,13.7,22.6,7.5,1.5,0.2,1.7,2.8
Jarrett Allen,20000000,C,24,CLE,68,32.6,9.2,0.644,9.8,1.7,14.3,2220,19.9,0.67,0.353,17.7,7.5,16.4,9.5,1.3,1,2.4,2.4
Nicolas Batum,19700319,PF,34,LAC,78,21.9,4.9,0.42,3.8,1.6,6.1,1709,11,0.594,0.126,9.8,9.4,11.5,3.6,-0.8,1.2,0.5,1
Eric Gordon,19568360,SG,34,HOU/LAC,69,28.5,9.5,0.446,1.9,2.7,12.4,1965,11.8,0.587,0.265,3.8,13.4,17.8,2.3,-0.5,-1.4,-1.9,0.1
Spencer Dinwiddie,19500000,PG,29,BRK/DAL,79,34.5,13.3,0.438,3.4,6.5,17.3,2725,16,0.573,0.314,5.7,28.1,22.1,6.3,1.6,-0.9,0.7,1.8
Caris LeVert,18796296,SG,28,CLE,74,30.2,10,0.431,3.8,3.9,12.1,2237,12.4,0.546,0.243,7.4,18,18.7,4.4,-1,0.8,-0.2,1
Joe Harris,18642857,SF,31,BRK,74,20.6,5.9,0.457,2.2,1.4,7.6,1527,10.6,0.621,0.064,6,9.1,14.3,2.6,-0.6,-0.6,-1.1,0.3
Harrison Barnes,18352273,PF,30,SAC,82,32.5,9.6,0.473,4.5,1.6,15,2662,14.1,0.632,0.522,7.9,6.3,17.1,6.5,0.5,-1.5,-1,0.7
Clint Capela,18206896,C,28,ATL,65,26.6,8.2,0.653,11,0.9,12,1730,22.1,0.656,0.244,22.7,4.7,15.7,7.2,2.3,-0.1,2.2,1.8
Evan Fournier,18000000,SG,30,NYK,27,17,6.1,0.337,1.8,1.3,6.1,459,6.9,0.471,0.127,5.9,10.6,18.4,0.1,-4,0,-4,-0.2
Steven Adams,17926829,C,29,MEM,42,27,6.3,0.597,11.5,2.3,8.6,1133,17.5,0.564,0.49,22.7,11.2,14.6,3.4,-0.3,0.9,0.6,0.7
Jonathan Isaac,17400000,PF,25,ORL,11,11.3,4.8,0.415,4,0.5,5,124,20.3,0.483,0.17,20.1,7.3,21.1,0.3,1,3,4,0.2
OG Anunoby,17357143,SF,25,TOR,67,35.6,13.2,0.476,5,2,16.8,2386,14.6,0.586,0.189,7.9,8,19.5,4.7,-0.3,0.7,0.4,1.5
Marcus Smart,17207142,PG,28,BOS,61,32.1,9.9,0.415,3.1,6.3,11.5,1957,12.1,0.538,0.196,5.3,26.4,17.8,3.7,-1.8,0.8,-1,0.5
Derrick White,17142857,SG,28,BOS,82,28.3,9.2,0.462,3.6,3.9,12.4,2319,15.4,0.604,0.253,6.9,19.4,17.7,7.4,1.1,1.3,2.4,2.6
Dejounte Murray,17071120,SG,26,ATL,74,36.4,17.8,0.464,5.3,6.1,20.5,2693,17,0.54,0.144,7.9,24,24.4,4.7,1.1,0,1,2.1
Mitchell Robinson,17045454,C,24,NYK,59,27,4.7,0.671,9.4,0.9,7.4,1591,18.9,0.652,0.436,19.2,4.5,10.1,6.5,1,1.4,2.4,1.7
Duncan Robinson,16902000,SF,28,MIA,42,16.5,5.6,0.371,1.6,1.1,6.4,691,7.8,0.534,0.135,5.9,9.7,17.9,0.5,-3.5,-1.5,-5,-0.5
Norman Powell,16758621,SG,29,LAC,60,26.1,11.8,0.479,2.9,1.8,17,1567,17.1,0.612,0.39,6.3,11,26,3.5,0.9,-0.7,0.3,0.9
Collin Sexton,16700000,PG,24,UTA,48,23.9,9.8,0.506,2.2,2.9,14.3,1145,15.9,0.616,0.425,5,17.9,23.4,2.5,0.1,-1.5,-1.3,0.2
Markelle Fultz,16500000,PG,24,ORL,60,29.6,11.3,0.514,3.9,5.7,14,1778,16.6,0.564,0.211,7.4,29.8,21.3,3.7,-0.1,0.7,0.5,1.2
Lauri Markkanen,16475454,PF,25,UTA,66,34.4,17.3,0.499,8.6,1.9,25.6,2273,22.1,0.64,0.348,13.6,8.6,26.6,8.2,4.9,-1,3.8,3.3
Marcus Morris,16372093,PF,33,LAC,65,28.1,9.9,0.426,4,1.8,11.2,1825,10.5,0.534,0.135,7.9,8.9,17.6,2,-1.8,-0.2,-1.9,0
Malik Beasley,15558035,SG,26,LAL/UTA,81,25.8,11.6,0.395,3.5,1.5,12.7,2093,10.9,0.531,0.069,7.3,8.4,21.1,1.4,-0.9,-1,-2,0
Luguentz Dort,15277778,SF,23,OKC,74,30.7,11.8,0.388,4.6,2.1,13.7,2272,11.3,0.513,0.297,8.1,9.2,19.8,2.9,-2,-1,-3,-0.6
Will Barton,15059712,SG,32,WAS/TOR,56,17.7,6.5,0.379,2.4,2,6.8,993,10,0.493,0.129,7.7,15.4,18.9,0.4,-2,-0.6,-2.6,-0.2
Tyus Jones,15000000,PG,26,MEM,80,24.3,8.9,0.438,2.5,5.2,10.3,1940,16,0.546,0.141,5.5,28.8,17.7,5.7,1.2,0.3,1.6,1.7
Derrick Rose,14520730,PG,34,NYK,27,12.5,5.9,0.384,1.5,1.7,5.6,338,10.1,0.463,0.075,6.5,19.9,23.6,0,-2.2,-1.5,-3.7,-0.1
Kevin Huerter,14508929,SG,24,SAC,75,29.4,11.5,0.485,3.3,2.9,15.2,2203,15.2,0.617,0.151,6.5,14.1,19.9,4.9,1.4,-0.3,1,1.7
Christian Wood,14317459,C,27,DAL,67,25.9,11.5,0.515,7.3,1.8,16.6,1738,20.6,0.624,0.365,16.4,11.7,26.4,4.8,1.9,-0.3,1.7,1.6
Kentavious Caldwell-Pope,14004703,SG,29,DEN,76,31.3,8.3,0.462,2.7,2.4,10.8,2381,11.5,0.598,0.198,5,9.8,14.1,4.5,-1.6,0.6,-1,0.6
Brook Lopez,13906976,C,34,MIL,78,30.4,11.5,0.531,6.7,1.3,15.9,2373,18.4,0.63,0.211,11.4,6.1,19.3,8,0.8,1.3,2.1,2.5
Patrick Beverley,13801614,SG,34,LAL/CHI,67,27.1,5.4,0.4,3.7,2.9,6.2,1816,8.9,0.534,0.181,7.5,13.3,10.6,3,-2.9,1.7,-1.2,0.3
Doug McDermott,13750000,SF,31,SAS,64,20.5,8.2,0.457,2.2,1.4,10.2,1314,11.2,0.59,0.134,5.8,9.8,19.2,1,-0.7,-2.5,-3.2,-0.4
Luke Kennard,13745455,SG,26,LAC/MEM,59,22.3,6.5,0.492,2.7,1.5,9.3,1315,13,0.684,0.102,6.6,9.4,14.5,3.4,0.6,-0.1,0.5,0.8
Zion Williamson,13534817,PF,22,NOP,29,33,16.2,0.608,7,4.6,26,956,25.2,0.652,0.529,12,24.4,30.4,3.6,4.8,1,5.8,1.9
Jordan Clarkson,13340000,SG,30,UTA,61,32.6,16.9,0.444,4,4.4,20.8,1988,14.7,0.558,0.238,6.7,20.9,27.8,1.7,1,-2.4,-1.4,0.3
Gary Harris,13000000,SG,28,ORL,48,24.7,6.4,0.45,2,1.2,8.3,1184,10.5,0.62,0.098,4.7,6.9,12.6,2.3,-1.4,0.7,-0.7,0.4
Kyle Kuzma,13000000,PF,27,WAS,64,35,17.8,0.448,7.2,3.7,21.2,2239,14.3,0.544,0.208,11.5,16.5,27.9,0.9,-0.2,-1.5,-1.7,0.2
Josh Hart,12960000,SF,27,NYK/POR,76,32.3,6.8,0.529,7.8,3.8,9.8,2454,14.1,0.622,0.338,13.7,16.1,12.6,6,-0.2,1.1,0.9,1.8
Dorian Finney-Smith,12939848,PF,29,BRK/DAL,66,30.4,7.6,0.391,4.8,1.5,8.3,2009,9.2,0.523,0.118,9,6.7,13.2,2.1,-1.7,-0.3,-2,0
Kelly Olynyk,12804878,C,31,UTA,68,28.6,8.2,0.499,6.2,3.7,12.5,1942,14.4,0.643,0.417,11.7,17.6,17.8,4.3,-0.4,0.9,0.4,1.2
Chris Boucher,12690000,PF,30,TOR,76,20,7,0.493,5.5,0.4,9.4,1523,18,0.59,0.318,15.7,2.7,18,5,0.7,-0.8,-0.1,0.7
Robert Covington,12307692,PF,32,LAC,48,16.2,4.8,0.445,3.5,1.2,6,779,14.2,0.584,0.175,11.9,10.2,15.6,1.9,-0.5,2.1,1.7,0.7
Josh Richardson,12196094,SG,29,NOP/SAS,65,23.5,8.5,0.431,2.7,2.7,10.1,1530,12.3,0.555,0.146,6.3,15.8,18.4,1.8,-1,-0.1,-1.2,0.3
Ja Morant,12119440,PG,23,MEM,61,31.9,19.9,0.466,5.9,8.1,26.2,1948,23.3,0.557,0.409,9.7,41.1,34.9,6,5.2,0.5,5.7,3.8
Danny Green,11710528,SG,35,CLE/MEM,11,12.5,4.5,0.449,1.3,0.5,5.5,138,10.8,0.617,0.02,5.8,6.1,18.9,0.2,-2.1,0.2,-1.9,0
Terrence Ross,11500000,SG,31,ORL/PHO,63,21.1,7.4,0.43,2.4,1.5,8.3,1330,10.2,0.544,0.073,6.5,10.2,16.8,1.6,-1.8,-0.3,-2.1,0
Reggie Jackson,11457217,PG,32,DEN/LAC,68,24.4,9.4,0.411,2.1,3.4,10.2,1657,10,0.514,0.122,4.9,20,20.8,0.6,-2.9,-1.1,-3.9,-0.8
Dillon Brooks,11400000,SF,27,MEM,73,30.3,13.6,0.396,3.3,2.6,14.3,2214,9.4,0.494,0.155,5.8,11.7,21.8,1.6,-3.4,-0.5,-3.9,-1.1
Richaun Holmes,11215260,C,29,SAC,42,8.3,2.1,0.618,1.9,0.2,3.1,348,12.9,0.668,0.213,13.1,3.5,13.7,0.8,-2,-0.9,-2.9,-0.1
Dwight Powell,11080125,C,31,DAL,76,19.2,3.5,0.732,4.1,0.9,6.7,1458,15.5,0.738,0.625,12.5,6.9,12.6,5.1,-1.2,0,-1.2,0.3
Paolo Banchero,11055120,PF,20,ORL,72,33.8,15.6,0.427,6.9,3.7,20,2430,14.9,0.529,0.476,11.6,17.2,27.5,2.4,-0.7,-0.7,-1.5,0.3
RJ Barrett,10900634,SG,22,NYK,73,33.9,16.1,0.434,5,2.8,19.6,2475,12.9,0.531,0.333,8.2,12.4,26.2,2.2,-1.2,-1.9,-3.1,-0.7
Bobby Portis,10843350,PF,27,MIL,70,26,11.5,0.496,9.6,1.5,14.1,1818,17.8,0.575,0.156,19.3,8.7,21.7,5.3,1.2,-0.6,0.7,1.2
DeAndre Jordan,10733758,C,34,DEN,39,15,2.9,0.765,5.2,0.9,5.1,586,14.7,0.731,0.417,19.8,7.7,13.7,1.4,-2.4,0.7,-1.8,0
Anthony Edwards,10733400,SG,21,MIN,79,36,19.5,0.459,5.8,4.4,24.6,2842,17.4,0.564,0.274,9,19.3,29.9,3.8,1,0,1,2.1
Robert Williams,10714287,C,25,BOS,35,23.5,4.9,0.747,8.3,1.4,8,824,19.8,0.742,0.241,19.3,8.5,11.8,3.8,1,2.4,3.3,1.1
Cade Cunningham,10552800,PG,21,DET,12,33.3,18.7,0.415,6.2,6,19.9,400,14,0.492,0.192,10.3,30.7,30,-0.1,-0.1,-0.6,-0.7,0.1
Mo Bamba,10300000,C,24,LAL/ORL,49,15.7,4.9,0.485,4.6,0.9,6.6,769,15.7,0.602,0.257,16.4,8.7,16.6,2.2,-0.2,0.7,0.5,0.5
Talen Horton-Tucker,10260000,SG,22,UTA,65,20.2,9.4,0.419,3.2,3.8,10.7,1313,13.7,0.508,0.274,8.6,27.4,25.9,0.8,-1.1,-0.5,-1.6,0.2
Jae Crowder,10183800,PF,32,MIL,18,18.9,5.2,0.479,3.8,1.5,6.9,340,14.6,0.624,0.128,10.6,10.6,13.2,1.2,0.1,1.1,1.2,0.3
Ivica Zubac,10123457,C,25,LAC,76,28.6,6.8,0.634,9.9,1,10.8,2170,16.7,0.661,0.463,19.5,5.1,14.8,6.7,-1.1,0.2,-0.9,0.6
Reggie Bullock,10012800,SF,31,DAL,78,30.3,6,0.409,3.6,1.4,7.2,2364,7.7,0.577,0.079,7,6.2,10,2.8,-2.3,-0.3,-2.6,-0.4
Alec Burks,10012800,SG,31,DET,51,22,9,0.436,3.1,2.2,12.8,1122,16.5,0.602,0.41,7.8,15.9,22.8,2.5,1.8,-0.5,1.2,0.9
De'Andre Hunter,9835881,SF,25,ATL,67,31.7,12.3,0.461,4.2,1.4,15.4,2126,11.5,0.563,0.252,7.3,6,19.7,2.5,-1.9,-1.4,-3.3,-0.7
James Wiseman,9603360,C,21,GSW/DET,45,19.3,7.5,0.558,5.9,0.7,10,867,15.6,0.589,0.286,17,5.5,21.2,1.4,-2.1,-1.4,-3.5,-0.3
Landry Shamet,9500000,SG,25,PHO,40,20.2,7.5,0.377,1.7,2.3,8.7,807,10.9,0.537,0.17,4.6,15.7,18.9,1.2,-1.1,-0.3,-1.4,0.1
Malik Monk,9472219,SG,24,SAC,77,22.3,10.3,0.448,2.6,3.9,13.5,1719,16.6,0.587,0.26,6.7,25,25.8,3.2,1.6,-1.4,0.3,1
Jalen Green,9441840,SG,20,HOU,76,34.2,17.9,0.416,3.7,3.7,22.1,2602,14.5,0.538,0.341,6,17.3,28.1,1.8,0.5,-2.6,-2.1,0
Jakob Poeltl,9398148,C,27,SAS/TOR,72,26.5,8.6,0.629,9.1,2.7,12.5,1906,21,0.635,0.325,19,15.2,18.2,6,1.1,0.8,1.9,1.9
Nerlens Noel,9391069,C,28,BRK/DET,17,11.5,2.1,0.361,2.7,0.6,2.1,195,7.9,0.424,0.333,13.1,6.7,12,0,-6.5,2.6,-3.8,-0.1
Royce O'Neale,9200000,SF,29,BRK,76,31.7,7.8,0.386,5.1,3.7,8.8,2409,9.2,0.538,0.116,9,15.3,13.6,2.9,-1.7,0.6,-1.1,0.5
Monte Morris,9125000,PG,27,WAS,62,27.3,8.3,0.48,3.4,5.3,10.3,1695,15,0.579,0.15,6.9,26.4,15.6,4.2,0.8,-0.4,0.5,1.1
Mason Plumlee,9080417,C,32,LAC/CHO,79,26,6.1,0.68,8.9,3.1,10.8,2054,19.6,0.689,0.647,18.4,17.3,15.2,7.9,1.2,1,2.2,2.2
Alex Caruso,9030000,PG,28,CHI,67,23.5,4.3,0.455,2.9,2.9,5.6,1575,11.5,0.588,0.255,7.1,15.4,11.1,3.6,-2.2,3.3,1.1,1.2
Maxi Kleber,9000000,PF,31,DAL,37,25.1,4.6,0.456,3.6,1.4,5.9,930,8.7,0.592,0.225,8.4,7.5,10.3,1.3,-2.2,0,-2.2,0
Grayson Allen,8925000,SG,27,MIL,72,27.4,7.7,0.44,3.3,2.3,10.4,1972,12.3,0.612,0.226,6.3,10.9,14.6,5.1,-0.6,0.7,0.1,1
Darius Garland,8920794,PG,23,CLE,69,35.5,16.4,0.462,2.7,7.8,21.6,2447,18.8,0.587,0.284,4.5,34.1,26.9,7.6,3.2,-0.7,2.4,2.7
Isaiah Hartenstein,8854879,C,24,NYK,82,19.8,4,0.535,6.5,1.2,5,1626,14.2,0.567,0.217,18.1,8.3,11.2,4.6,-1.5,1.2,-0.3,0.7
Kyle Anderson,8780488,PF,29,MIN,69,28.4,7.2,0.509,5.3,4.9,9.4,1957,14.8,0.583,0.275,10.5,22.6,14.4,5.1,0.2,2.3,2.5,2.2
Victor Oladipo,8750000,SG,30,MIA,42,26.3,9.6,0.397,3,3.5,10.7,1106,10.6,0.513,0.196,6.8,19.8,21.1,0.6,-2.9,0.8,-2.1,0
LaMelo Ball,8623920,PG,21,CHO,36,35.2,20,0.411,6.4,8.4,23.3,1268,17.9,0.541,0.169,9.7,38.7,30,1.8,3.2,-0.8,2.4,1.4
Seth Curry,8496653,SG,32,BRK,61,19.9,7.4,0.463,1.6,1.6,9.2,1211,12.3,0.593,0.122,4.6,11.9,19.2,1.8,-1.2,-0.9,-2.1,0
Evan Mobley,8478720,PF,21,CLE,79,34.4,12,0.554,9,2.8,16.2,2715,17.9,0.591,0.321,15.4,12.4,20.2,8.5,0,1.6,1.7,2.5
Gary Payton II,8300000,SG,30,GSW/POR,22,16.7,3.1,0.594,3.1,1.4,4.6,367,13.3,0.701,0.101,10.6,11,10.3,1,-1.2,1.5,0.3,0.2
Dewayne Dedmon,8283688,C,33,PHI/MIA,38,11.2,4,0.51,3.5,0.7,5.2,426,15.5,0.577,0.325,18.5,9.5,20.6,1,-2.6,1,-1.6,0
De'Anthony Melton,8250000,SG,24,PHI,77,27.9,8.5,0.425,4.1,2.6,10.1,2150,12.7,0.566,0.134,8.6,12.9,16.4,4.2,-0.7,1.6,0.9,1.6
JaMychal Green,8200000,PF,32,GSW,57,14,4.4,0.54,3.6,0.9,6.4,797,15.5,0.65,0.266,14.1,8.9,17.5,2.2,-0.7,0.2,-0.5,0.3
Keegan Murray,8008440,SF,22,SAC,80,29.8,9.8,0.453,4.6,1.2,12.2,2382,12.3,0.597,0.104,8.9,5.5,15.8,4.3,0.4,-1,-0.6,0.8
Kevon Looney,8000000,C,26,GSW,82,23.9,4.7,0.63,9.3,2.5,7,1958,17.8,0.639,0.404,21.4,13.8,10.6,8.7,0.9,1.3,2.1,2
Thaddeus Young,8000000,PF,34,TOR,54,14.7,3.7,0.545,3.1,1.4,4.4,795,14.1,0.573,0.131,11.8,12.9,13.5,1.8,-1.8,1.9,0.1,0.4
Delon Wright,7804878,PG,30,WAS,50,24.4,5.8,0.474,3.6,3.9,7.4,1221,16.3,0.581,0.206,8.2,20.9,12.9,3.7,0.4,3.1,3.4,1.7
Patrick Williams,7775400,PF,21,CHI,82,28.3,8.3,0.464,4,1.2,10.2,2323,11.2,0.576,0.155,8,5.8,15.7,3.5,-1.7,0.4,-1.3,0.4
Scottie Barnes,7644600,SF,21,TOR,77,34.8,13.2,0.456,6.6,4.8,15.3,2678,15.5,0.524,0.242,10.8,20,20.3,5,0.5,-0.1,0.4,1.6
Cedi Osman,7426088,SF,27,CLE,77,20.1,6.9,0.451,2.3,1.5,8.7,1548,12,0.579,0.204,6.7,10.6,18.2,3.3,-0.8,0.2,-0.7,0.5
Coby White,7413955,SG,22,CHI,74,23.4,8,0.443,2.9,2.8,9.7,1730,12.5,0.572,0.118,6.9,16.3,17.9,3.1,-1,0.2,-0.8,0.5
Zach Collins,7350000,C,25,SAS,63,22.9,8.7,0.518,6.4,2.9,11.6,1441,16.4,0.599,0.259,15.2,18,21.2,2.2,-0.5,0.3,-0.2,0.6
Jaden Ivey,7252200,SG,20,DET,74,31.1,13.3,0.416,3.9,5.2,16.3,2304,12.1,0.528,0.362,6.9,26.2,25.4,0,-1.4,-1.9,-3.3,-0.7
Taurean Prince,7100000,PF,28,MIN,54,22.1,7,0.467,2.4,1.6,9.1,1192,10,0.597,0.203,6.2,9.6,17.3,1.3,-2.6,-0.6,-3.3,-0.4
Jae'Sean Tate,7065217,SF,27,HOU,31,21.8,7.4,0.48,3.8,2.7,9.1,677,12.2,0.546,0.301,9.6,18.2,18.8,0.7,-2.8,-0.7,-3.5,-0.3
Isaac Okoro,7040880,SF,22,CLE,76,21.7,4.7,0.494,2.5,1.1,6.4,1652,10.7,0.614,0.291,6.7,7,11.9,4.2,-1.9,1.6,-0.3,0.7
Jalen Suggs,6922320,SG,21,ORL,53,23.5,8.4,0.419,3,2.9,9.9,1246,12.5,0.528,0.268,7.3,18,20.3,1.4,-1.8,0.8,-1,0.3
Jaxson Hayes,6803012,C,22,NOP,47,13,3.3,0.551,2.8,0.7,5,610,13.7,0.605,0.532,12.3,7.7,15.7,1.5,-2.2,1,-1.2,0.1
Khem Birch,6667500,C,30,TOR,20,8.1,1.6,0.594,1.3,0.4,2.2,162,9.4,0.629,0.156,8.7,5.8,11.1,0.2,-4.6,1.1,-3.5,-0.1
Bennedict Mathurin,6586800,SG,20,IND,78,28.5,12.2,0.434,4.1,1.5,16.7,2222,13.1,0.566,0.477,7.9,7.6,24.6,1.8,-1.2,-2.5,-3.7,-1
Bruce Brown,6479000,SF,26,DEN,80,28.5,9.3,0.483,4.1,3.4,11.5,2280,13.3,0.571,0.206,8.3,15.7,17.8,4.3,-1.1,0.6,-0.5,0.9
Caleb Martin,6479000,SF,27,MIA,71,29.3,7.7,0.464,4.8,1.6,9.6,2077,11.4,0.571,0.206,9.7,8.2,14.4,3.7,-1.8,0.5,-1.2,0.4
Joe Ingles,6479000,SF,35,MIL,46,22.7,5.4,0.435,2.8,3.3,6.9,1044,10.7,0.616,0.085,6.4,18.4,12.6,2.3,-1.6,0.8,-0.7,0.3
Onyeka Okongwu,6395160,C,22,ATL,80,23.1,6.2,0.638,7.2,1,9.9,1849,19.4,0.678,0.394,17,5.8,15.1,7.1,0,0.8,0.8,1.3
Josh Giddey,6287400,PF,20,OKC,76,31.1,14.7,0.482,7.9,6.2,16.6,2367,17.1,0.533,0.13,13.6,29.9,24.6,4,1.5,-0.3,1.2,1.9
Rui Hachimura,6263188,PF,24,LAL/WAS,63,23.3,9.3,0.486,4.5,0.9,11.2,1466,13.2,0.556,0.204,10.5,5.8,20.2,1.8,-1.3,-1,-2.2,-0.1
Rudy Gay,6184500,PF,36,UTA,56,14.6,5.1,0.38,2.9,1,5.2,816,9,0.475,0.171,10.8,9.4,17.7,0.3,-3.6,-0.4,-4,-0.4
Jevon Carter,6025000,PG,27,MIL,81,22.3,7,0.423,2.5,2.4,8,1810,10.9,0.56,0.067,5.8,14.5,15.3,3.5,-1.9,1.2,-0.6,0.6
Shaedon Sharpe,6012960,SG,19,POR,80,22.2,8.1,0.472,3,1.2,9.9,1779,11.5,0.568,0.162,7.6,7.9,19,1.2,-1.3,-2,-3.3,-0.6
Cameron Payne,6000000,PG,28,PHO,48,20.2,9.4,0.415,2.2,4.5,10.3,968,13.2,0.512,0.141,6.1,32.6,24.8,1.1,-0.5,-0.7,-1.2,0.2
Justin Holiday,5987975,SF,33,DAL/ATL,46,15.3,4.4,0.377,1.2,0.9,4.5,706,6.6,0.494,0.039,4.4,7.5,14.1,0.1,-3.7,-0.1,-3.9,-0.3
Cam Reddish,5954454,SF,23,NYK/POR,40,24.8,7.8,0.446,2.2,1.4,9.7,990,10.6,0.561,0.24,5,8.1,17.1,0.9,-2.6,-0.8,-3.4,-0.4
Cameron Johnson,5887899,PF,26,BRK/PHO,42,28.5,11.3,0.47,4.4,1.9,15.5,1199,17.1,0.617,0.253,8.6,9.6,20.6,3.5,2,0.6,2.6,1.4
Ricky Rubio,5853659,PG,32,CLE,33,17.2,5.4,0.343,2.1,3.5,5.2,566,10.4,0.442,0.197,7.3,27.1,17.7,0.7,-3.8,1.1,-2.8,-0.1
Killian Hayes,5837760,PG,21,DET,76,28.3,10.7,0.377,2.9,6.2,10.3,2154,10.2,0.455,0.137,5.7,32.3,20.5,-0.5,-3.3,-0.5,-3.8,-1
Jonathan Kuminga,5739840,PF,20,GSW,67,20.8,7.4,0.525,3.4,1.9,9.9,1394,13.3,0.597,0.278,9.1,12.7,19.6,2.4,-1.7,-0.1,-1.7,0.1
Pat Connaughton,5728393,SF,30,MIL,61,23.7,6.9,0.392,4.6,1.3,7.6,1443,10,0.531,0.097,10.2,6.9,13.8,2.5,-1.3,0.3,-1,0.3
Tyler Herro,5722116,SG,23,MIA,67,34.9,16.6,0.439,5.4,4.2,20.1,2337,15.3,0.566,0.164,9,19.9,25.6,3.5,1.5,-0.8,0.6,1.6
Romeo Langford,5634257,SG,23,SAS,43,19.6,6,0.467,2.7,1.2,6.9,844,10.4,0.524,0.216,7.4,7.9,15.4,0.5,-2.6,-1.5,-4.2,-0.5
Dyson Daniels,5508600,PG,19,NOP,59,17.7,3.5,0.418,3.2,2.3,3.8,1042,8.8,0.503,0.192,10.2,16.4,11.6,1.3,-3.4,1.6,-1.8,0
JaVale McGee,5461219,C,35,DAL,42,8.5,3,0.64,2.5,0.3,4.4,355,17.2,0.65,0.328,17.5,5.2,22.8,0.6,-3.6,-0.1,-3.7,-0.1
Goga Bitadze,5377520,C,23,ORL/IND,38,12,3.3,0.552,3.6,1,4.4,457,17.1,0.582,0.336,16.8,12.1,15.4,1.3,-0.8,1.1,0.3,0.3
Obi Toppin,5348280,PF,24,NYK,67,15.7,6.3,0.446,2.8,1,7.4,1050,13.6,0.565,0.112,9.8,9.2,19.5,2.1,0.3,-0.8,-0.5,0.4
Franz Wagner,5258280,SF,21,ORL,80,32.6,14,0.485,4.1,3.5,18.6,2609,15.9,0.589,0.288,7.1,17.2,23.5,5.4,0.4,-0.5,-0.1,1.3
Kendrick Nunn,5250000,SG,27,LAL/WAS,70,13.8,6.4,0.424,1.6,1.3,7.1,964,11.1,0.53,0.091,6.2,13.8,23.7,0.2,-2,-1.5,-3.5,-0.4
Hamidou Diallo,5200000,SF,24,DET,56,17.8,6.7,0.573,3.5,1,9.3,996,15.7,0.593,0.395,10.8,9.2,21.8,1.3,-1.8,0.4,-1.4,0.1
Cory Joseph,5155500,PG,31,DET,62,19.8,5.7,0.427,1.7,3.5,6.9,1227,12.1,0.558,0.205,4.8,25.4,15.2,1.8,-0.7,-0.8,-1.5,0.2
Garrett Temple,5155500,SG,36,NOP,25,6.5,1.8,0.4,0.7,0.5,2,162,10.5,0.535,0.089,5.9,10.6,13.4,0.3,-2.5,1.6,-1,0
Torrey Craig,5121951,PF,32,PHO,79,24.7,6.3,0.456,5.4,1.5,7.4,1948,11.6,0.566,0.09,12.1,7.9,13,4,-1.3,0.7,-0.6,0.7
Jeremy Sochan,5063520,PF,19,SAS,56,26,9.9,0.453,5.3,2.5,11,1458,11.4,0.509,0.21,11,13.6,19.8,0.2,-2.8,-1.2,-4,-0.7
Nickeil Alexander-Walker,5009633,SG,24,MIN/UTA,59,15,5,0.444,1.7,1.8,6.2,884,11.6,0.565,0.203,6.3,16.7,17.9,1.1,-1.4,0.4,-0.9,0.2
Furkan Korkmaz,5000000,SG,25,PHI,37,9.5,3,0.432,1.1,0.6,3.8,353,9.3,0.552,0.324,7,8.8,19.1,0.1,-3.3,-1,-4.4,-0.2
Deni Avdija,4916160,SF,22,WAS,76,26.6,7.6,0.437,6.4,2.8,9.2,2020,11.2,0.535,0.285,13.4,13.9,16.7,2.3,-2.8,0.5,-2.3,-0.1
Davion Mitchell,4833600,PG,24,SAC,80,18.1,5,0.454,1.3,2.3,5.6,1447,9.4,0.545,0.078,4.1,16.5,14.1,1.5,-2.4,-0.4,-2.8,-0.3
Johnny Davis,4810320,SG,20,WAS,28,15.1,6.1,0.386,2.3,1,5.8,423,7.2,0.446,0.158,8.5,9.2,20.5,-0.3,-5.8,-1.7,-7.4,-0.6
Ty Jerome,4728948,SG,25,GSW,45,18.1,5.4,0.488,1.7,3,6.9,816,12.8,0.594,0.169,5.3,22.1,14.9,2.1,-1.1,0.3,-0.8,0.3
Jalen Smith,4670160,C,22,IND,68,18.8,7.5,0.476,5.8,1,9.4,1279,15.9,0.565,0.27,17.1,7.6,21,2.3,-0.9,-1.1,-2.1,0
Ziaire Williams,4591680,SF,21,MEM,37,15.2,5.3,0.429,2.1,0.9,5.7,561,7.4,0.511,0.112,7.5,8.2,18,0.1,-4.7,-0.8,-5.6,-0.5
Ousmane Dieng,4569840,PF,19,OKC,39,14.6,4.6,0.42,2.7,1.2,4.9,569,9.3,0.505,0.127,9.9,10.7,15.9,0.4,-3.1,-0.5,-3.6,-0.2
Jeff Green,4500000,PF,36,DEN,56,19.5,5.9,0.488,2.6,1.2,7.8,1091,11,0.576,0.357,7.6,8.3,17,1.7,-2.4,-1,-3.4,-0.4
Donte DiVincenzo,4500000,SG,26,GSW,72,26.3,7.5,0.435,4.5,3.5,9.4,1894,12.8,0.593,0.131,9.4,17.3,15.1,4.2,-0.6,1.3,0.7,1.3
Devin Vassell,4437000,SG,22,SAS,38,31,15.7,0.439,3.9,3.6,18.5,1178,15.5,0.55,0.168,6.9,17.3,24.4,1.2,1.3,-0.9,0.4,0.7
Matisse Thybulle,4379526,SF,25,PHI/POR,71,16.9,3.6,0.435,2,0.7,4.1,1200,10.5,0.552,0.111,6.8,5.9,10.6,2.1,-2.7,2.2,-0.5,0.4
Jarred Vanderbilt,4374000,PF,23,LAL/UTA,78,24.1,5.8,0.548,7.5,2.4,7.9,1879,15.1,0.604,0.308,16.7,13.1,13.6,5.2,-0.6,1.6,1.1,1.5
James Bouknight,4362240,SG,22,CHO,34,15.1,5.7,0.358,2.1,1.2,5.6,515,6.2,0.463,0.155,7.5,11.1,19.5,-0.4,-5.4,-1.1,-6.5,-0.6
Brandon Clarke,4343919,PF,26,MEM,56,19.5,6.2,0.656,5.5,1.3,10,1090,20,0.682,0.393,15.1,9.5,17.7,4.5,0.8,1.8,2.5,1.3
Jalen Williams,4341480,SG,21,OKC,75,30.3,10.6,0.521,4.5,3.3,14.1,2276,15.6,0.601,0.241,7.9,15.4,18.4,5.6,-0.4,0.7,0.3,1.3
Grant Williams,4306281,PF,24,BOS,79,25.9,6,0.454,4.6,1.7,8.1,2045,10.3,0.605,0.256,9.7,8.4,13.1,4.4,-1.8,0.7,-1.1,0.5
Darius Bazley,4264628,C,22,OKC/PHO,43,14.3,4.3,0.454,3.2,0.9,5.2,616,13.1,0.524,0.383,12.1,8.3,16.4,1,-2,1,-1,0.2
Tyrese Haliburton,4215120,PG,22,IND,56,33.6,15,0.49,3.7,10.4,20.7,1883,23.6,0.624,0.239,6,47.6,23.8,7.6,7,0.2,7.2,4.4
Nassir Little,4171548,SF,22,POR,54,18.1,5.6,0.442,2.6,0.9,6.6,976,10.2,0.555,0.152,8.3,7.3,16,0.7,-1.6,-1.4,-3,-0.3
Jalen Duren,4124280,C,19,DET,67,24.9,5.9,0.648,8.9,1.1,9.1,1670,17.3,0.655,0.394,19.7,6.8,14.3,4.5,-0.4,-0.4,-0.8,0.5
Gorgui Dieng,4105236,C,33,SAS,31,11.5,3.8,0.385,3.5,1.7,3.9,358,9.9,0.493,0.111,16.3,19.4,17.9,0,-4,0.1,-3.9,-0.2
Justise Winslow,4097561,PF,26,POR,29,26.8,6.8,0.409,5,3.4,6.8,776,9.3,0.466,0.141,10.7,17.2,14.2,0.4,-3.4,0.6,-2.8,-0.2
Stanley Johnson,4022164,SF,26,SAS,30,15.6,4.1,0.533,3.2,2.2,5.8,469,13.5,0.625,0.32,11.1,19,15.2,0.7,-0.8,-0.2,-1,0.1
George Hill,4000000,PG,36,MIL/IND,46,18.1,3.6,0.47,1.8,2.4,5,834,10.6,0.61,0.331,5.4,16.7,11.3,1.9,-2.4,0.9,-1.5,0.1
Terence Davis,4000000,SG,25,SAC,64,13.1,5.7,0.423,2.2,1,6.7,841,12.9,0.563,0.118,9.4,11.1,22.2,0.9,-1.3,-0.3,-1.5,0.1
Chris Duarte,3936960,SF,25,IND,46,19.5,7.2,0.369,2.5,1.4,7.9,897,8.6,0.496,0.216,7.1,9.7,19,0,-2.9,-1.6,-4.5,-0.6
Alex Len,3918600,C,29,SAC,26,6.2,1.2,0.533,2.3,0.5,1.7,161,12.8,0.58,0.533,21.3,9.3,14.1,0.3,-4.9,0.9,-4,-0.1
Ochai Agbaji,3918360,SG,22,UTA,59,20.5,6.5,0.427,2.1,1.1,7.9,1209,9.5,0.561,0.179,5.4,7.5,15.8,1.3,-1.7,-1.4,-3,-0.3
Jordan Poole,3901399,PG,23,GSW,82,30,15.6,0.43,2.7,4.5,20.4,2458,14.6,0.573,0.325,5,22.5,29.2,3.2,-0.1,-1.8,-1.9,0.1
Keldon Johnson,3873024,SF,23,SAS,63,32.7,17.7,0.452,5,2.9,22,2063,15.3,0.551,0.294,8.4,13.7,27.9,1.3,0.7,-2.5,-1.8,0.1
James Johnson,3841067,PF,35,IND,18,9,2.7,0.449,1.7,0.8,2.8,162,8.4,0.486,0.163,10.3,12.6,15.7,0.1,-5.7,1.2,-4.4,-0.1
Aaron Nesmith,3804360,SF,23,IND,73,24.9,8.1,0.427,3.8,1.3,10.1,1816,10.5,0.566,0.241,8.5,7.4,16.8,2,-2.3,-0.7,-3,-0.4
Moses Moody,3740160,SG,20,GSW,63,13,3.6,0.476,1.7,0.8,4.8,817,10.3,0.603,0.233,7.1,8.2,14.6,1.3,-1.7,-0.9,-2.6,-0.1
Mark Williams,3722040,C,21,CHO,43,19.3,5.8,0.637,7.1,0.4,9,828,19.8,0.659,0.386,19.6,3.3,17,2.8,-0.5,0.6,0.1,0.4
Cole Anthony,3613680,PG,22,ORL,60,25.9,10.2,0.454,4.8,3.9,13,1552,16,0.57,0.279,10.5,22.9,21.5,3.7,0.7,0.5,1.3,1.3
Corey Kispert,3552840,SF,23,WAS,74,28.3,7.9,0.497,2.8,1.2,11.1,2093,11.5,0.657,0.15,5.5,5.7,14.1,3.8,-0.1,-1.4,-1.5,0.2
AJ Griffin,3536160,SF,19,ATL,72,19.5,7.4,0.465,2.1,1,8.9,1401,12.6,0.577,0.088,6,7,17.9,2.2,-0.3,-0.5,-0.8,0.4
Mike Muscala,3500000,C,31,BOS/OKC,63,15,4.6,0.449,3.2,0.8,6.1,945,13,0.608,0.178,11.6,7.1,15.1,2.5,-0.3,-0.1,-0.4,0.4
Georges Niang,3465000,PF,29,PHI,78,19.4,6.4,0.442,2.4,1,8.2,1512,10.9,0.61,0.09,7.2,7.3,17,2.5,-0.4,-1,-1.4,0.2
Isaiah Stewart,3433320,C,21,DET,50,28.3,8.8,0.442,8.1,1.4,11.3,1414,13.1,0.56,0.338,15.8,7.3,17.3,2,-1,-1.1,-2.1,0
Chuma Okeke,3433320,SF,24,ORL,27,19.2,4.5,0.352,3.6,1.4,4.7,518,9.1,0.488,0.172,10.5,9.4,12.3,0.7,-2.4,0.8,-1.6,0.1
Amir Coffey,3395062,SF,25,LAC,50,12.5,2.9,0.386,1.1,1.1,3.4,625,7,0.498,0.434,4.7,11.2,13.5,0.4,-4.3,-0.7,-5,-0.5
Tari Eason,3359160,PF,21,HOU,82,21.5,8,0.448,6,1.1,9.3,1767,15.2,0.525,0.22,15.4,7.4,19.3,2.6,-1.3,-0.4,-1.7,0.1
Aleksej Pokusevski,3261480,PF,21,OKC,34,20.6,7.3,0.434,4.7,1.9,8.1,701,13.4,0.522,0.141,12.2,12.4,18.3,1,-1,1,0,0.3
Simone Fontecchio,3205128,SF,27,UTA,52,14.7,6,0.369,1.7,0.8,6.3,766,8,0.495,0.141,6.1,7.5,20.2,-0.1,-3,-2.1,-5.2,-0.6
Andre Drummond,3200000,C,29,CHI,67,12.7,4.1,0.606,6.6,0.5,6,849,20.8,0.606,0.456,29.6,5.7,21,2.8,-1.2,0.5,-0.8,0.3
Dalen Terry,3191400,SG,20,CHI,38,5.6,1.9,0.444,1,0.6,2.2,214,14.1,0.523,0.292,9.8,14.1,18.4,0.5,-1.7,1.7,0,0.1
Josh Green,3098400,SG,22,DAL,60,25.7,6.4,0.537,3,1.7,9.1,1539,11.2,0.645,0.246,6.9,9.7,14.6,2.6,-1.9,-0.6,-2.4,-0.2
Jake LaRavia,3047640,PF,21,MEM,35,11.8,2.7,0.389,1.8,0.6,3,414,6.7,0.531,0.095,8.1,6.2,11.7,0.5,-3.9,0.4,-3.5,-0.2
Tre Mann,3046200,PG,21,OKC,67,17.7,7.5,0.393,2.3,1.8,7.7,1183,10,0.492,0.11,7,14,20.7,0.5,-3,-1,-3.9,-0.6
Kevin Knox,3000000,SF-PF,23,DET/POR,63,15.1,5.3,0.458,2.8,0.5,6.6,952,11.1,0.579,0.181,10.5,5.2,18.4,0.7,-2.1,-1.4,-3.5,-0.4
Saddiq Bey,2959080,SF,23,DET/ATL,77,27.6,10.9,0.422,4.7,1.5,13.8,2129,14.6,0.564,0.285,9.4,8.1,20.2,3.9,0.9,-1.2,-0.3,0.9
Malaki Branham,2925600,SG,19,SAS,66,23.5,9.3,0.44,2.7,1.9,10.2,1550,9.5,0.524,0.115,6.4,11.4,19.1,-0.1,-3,-2.1,-5.2,-1.3
Joe Wieskamp,2909261,SF,23,TOR,9,5.6,1.6,0.214,0.4,0.3,1,50,-0.4,0.321,0,4.5,7.4,12.8,-0.1,-7,-3.6,-10.6,-0.1
Kai Jones,2909040,C,22,CHO,46,12,2.6,0.558,2.7,0.3,3.4,550,10.8,0.597,0.217,11.9,3.7,12.4,0.7,-4.8,0.8,-4,-0.3
Blake Griffin,2905851,C,33,BOS,41,13.9,3.2,0.485,3.8,1.5,4.1,569,13.1,0.59,0.246,14.9,14.2,12.7,1.8,-1.4,1.5,0.1,0.3
Robin Lopez,2905851,C,34,CLE,37,8.1,2,0.64,1.4,0.5,3,299,11.6,0.675,0.24,10,9.1,16.1,0.6,-3.4,0.3,-3,-0.1
Markieff Morris,2905851,PF,33,BRK/DAL,35,10.1,3.3,0.409,2,0.9,3.8,355,10.4,0.553,0.087,11.3,12.2,17.2,0.4,-2.3,-0.4,-2.7,-0.1
Andre Iguodala,2905851,PF,39,GSW,8,14.1,1.9,0.467,2.1,2.4,2.1,113,7.3,0.521,0.2,8.3,20.3,9.4,0.1,-4.3,1.7,-2.5,0
Serge Ibaka,2905851,C,33,MIL,16,11.6,3.4,0.481,2.8,0.3,4.1,185,9.8,0.553,0.241,12.4,2.9,16.1,0.2,-4.6,0,-4.5,-0.1
Wesley Matthews,2905851,SF,36,MIL,52,15.8,3.1,0.363,2.2,0.7,3.4,820,7,0.519,0.175,7.2,5.1,9.8,1.2,-3.4,0.8,-2.7,-0.1
Austin Rivers,2905851,SG,30,MIN,52,19.5,4,0.435,1.6,1.4,4.9,1016,7.4,0.564,0.187,4.6,9.3,10.5,1.3,-3.3,0.5,-2.8,-0.2
Bismack Biyombo,2905851,C,30,PHO,61,14.3,3.4,0.578,4.3,0.9,4.3,874,14.4,0.555,0.34,16.5,8.7,14,1.9,-3.4,2.5,-0.9,0.2
Taj Gibson,2905851,C,37,WAS,49,9.8,2.6,0.52,1.9,0.7,3.4,480,11.4,0.585,0.336,10.8,9.6,15.3,0.8,-3.6,0.5,-3.2,-0.1
Precious Achiuwa,2840160,C,23,TOR,55,20.7,7.3,0.485,6,0.9,9.2,1140,15.2,0.554,0.307,16.3,6.3,19.4,2.2,-1.4,-0.8,-2.3,-0.1
Christian Braun,2808600,SG,21,DEN,76,15.5,3.8,0.495,2.4,0.8,4.7,1181,10.3,0.568,0.221,8.8,6.4,13,1.9,-2.5,0.1,-2.4,-0.1
Jordan Nwora,2800000,SF,24,MIL/IND,62,19.2,7.2,0.436,3.7,1.4,8.7,1188,12.2,0.561,0.193,10.4,10.5,19.4,1.5,-0.8,-1.3,-2.1,0
Jalen Johnson,2792640,SF,21,ATL,70,14.9,4.6,0.491,4,1.2,5.6,1042,14.1,0.554,0.242,14.8,10.4,16,2.1,-1.2,1.5,0.3,0.6
Tyrese Maxey,2726880,SG,22,PHI,60,33.6,15.2,0.481,2.9,3.5,20.3,2016,17,0.605,0.233,5.2,16.9,24.1,5.4,1.9,-1.2,0.6,1.3
Bruno Fernando,2717391,C,24,HOU/ATL,39,10.4,2.9,0.527,3.5,0.8,3.9,405,16.6,0.571,0.446,18.6,10.8,16.3,0.9,-2.8,0.7,-2,0
Walker Kessler,2696400,C,21,UTA,74,23,5.6,0.72,8.4,0.9,9.2,1703,21.5,0.702,0.384,19.7,5.7,13.3,7.1,1.4,1.5,2.9,2.1
Keon Johnson,2681040,SG,20,POR,40,10.4,4.5,0.376,1.1,1.5,4.7,416,9,0.482,0.23,6.1,20.9,25,-0.5,-3.8,-1.6,-5.4,-0.4
Charles Bassey,2674742,C,22,SAS,35,14.5,3.9,0.644,5.5,1.3,5.7,508,18.8,0.658,0.274,20.7,12.9,15.6,1.3,-0.7,1.3,0.6,0.3
Matthew Dellavedova,2628597,PG,32,SAC,32,6.7,1.6,0.34,0.4,1.3,1.5,213,6.7,0.443,0.14,3.5,23.4,12.7,0.1,-4.4,-0.8,-5.2,-0.2
Trey Lyles,2625000,PF,27,SAC,74,16.9,5.5,0.458,4.1,0.9,7.6,1247,14.2,0.607,0.304,13.7,7,18.1,2.6,0,-0.9,-1,0.3
Zeke Nnaji,2617800,PF,22,DEN,53,13.7,3.7,0.561,2.6,0.3,5.2,728,12.5,0.62,0.316,10.9,3.3,15.2,1.6,-2.7,-0.9,-3.7,-0.3
David Roddy,2588640,PF,21,MEM,70,18,6,0.429,2.8,0.8,6.7,1258,8.8,0.519,0.155,8.1,6.1,16.7,1.1,-3.2,-0.7,-3.9,-0.6
Isaiah Jackson,2573760,C,21,IND,63,16.5,5,0.563,4.5,0.8,7.2,1042,17.5,0.595,0.459,15,7,17.4,2.7,-1.7,0.9,-0.8,0.3
MarJon Beauchamp,2485200,SF,22,MIL,52,13.5,4.7,0.395,2.2,0.7,5.1,701,8.2,0.513,0.152,8.5,6.7,18.3,0.4,-4.1,-0.6,-4.8,-0.5
Usman Garuba,2471160,C,20,HOU,75,12.9,2.4,0.486,4.1,0.9,3,970,12.9,0.569,0.266,17.4,8.8,10.5,1.8,-2,0.6,-1.4,0.2
Raul Neto,2463490,PG,30,CLE,48,10.5,2.3,0.518,1,1.6,3.3,505,12.6,0.628,0.309,5.4,21,13.2,1.5,-1.7,1.5,-0.2,0.2
Frank Kaminsky,2463490,C,29,HOU/ATL,36,6.5,1.8,0.492,1.4,0.9,2.5,235,15.3,0.635,0.254,12.1,17.8,14.1,0.7,1.2,1.7,2.8,0.3
Montrezl Harrell,2463490,C,29,PHI,57,11.9,3.7,0.598,2.8,0.6,5.6,681,17.6,0.631,0.483,13.8,7.4,18.9,2.2,-0.9,-0.4,-1.3,0.1
Blake Wesley,2385480,SG,19,SAS,37,18.1,5.8,0.321,2.2,2.7,5,669,3.5,0.393,0.205,6.6,18.8,18.5,-1.6,-7.9,-1.8,-9.6,-1.3
Josh Christopher,2372160,SG,21,HOU,64,12.3,5.1,0.465,1.1,1.1,5.8,786,11.5,0.523,0.182,5,14.3,21.9,0,-3,-1.4,-4.3,-0.5
Isaiah Roby,2330681,PF,24,SAS,42,11.3,3.7,0.432,2.5,0.9,4.1,474,9.3,0.497,0.265,12.3,10.7,17.8,-0.1,-4,-0.6,-4.6,-0.3
Lindy Waters III,2316876,SG,25,OKC,41,13,4.3,0.393,1.8,0.7,5.2,531,11.8,0.573,0.112,7.6,7,15.5,1.1,0.5,-0.4,0.1,0.3
Immanuel Quickley,2316240,SG,23,NYK,81,28.9,11.6,0.448,4.2,3.4,14.9,2344,16.3,0.578,0.265,7.9,17.4,20.9,6.7,1.3,0.4,1.7,2.1
John Konchar,2300000,SF,26,MEM,72,20.8,4.4,0.431,4.3,1.4,5.1,1494,10.8,0.542,0.113,11,8.2,10.4,3.5,-1.9,2.4,0.5,0.9
Rodney McGruder,2298385,SG,31,DET,32,16.4,4.8,0.408,2.3,0.9,5.7,524,10.7,0.566,0.145,7.8,7.6,14,0.7,-0.8,-0.7,-1.5,0.1
Bryn Forbes,2298385,SG,29,MIN,25,10.7,3.3,0.361,0.6,0.7,3.6,268,6.2,0.497,0.181,3.1,8.2,16.2,0,-4.8,-1.5,-6.3,-0.3
Damian Jones,2298385,C,27,LAL/UTA,41,11.6,2.1,0.64,3,0.4,3.5,477,12.9,0.719,0.337,13.8,4.1,10.7,1.2,-2,0.3,-1.7,0
Quentin Grimes,2277000,SG,22,NYK,71,29.9,8.5,0.468,3.2,2.1,11.3,2121,11.7,0.619,0.163,5.9,9.7,14.4,4.8,-0.3,0.1,-0.1,1
Saben Lee,2266640,PG,23,PHI/PHO,25,14.9,4.8,0.405,1.8,2.7,6,373,13.1,0.517,0.471,6.7,24.3,19.5,0.7,-2.7,0.9,-1.8,0
Andrew Nembhard,2244111,SG,23,IND,75,27.6,8.6,0.441,2.7,4.5,9.5,2073,10,0.528,0.096,5.3,22.4,16.1,1.2,-2.4,-0.8,-3.2,-0.6
Payton Pritchard,2239200,PG,25,BOS,48,13.4,5.1,0.412,1.8,1.3,5.6,643,10.3,0.536,0.065,7.5,14,19.8,0.6,-2.1,-1.2,-3.4,-0.2
Bones Hyland,2201520,PG,22,DEN/LAC,56,19.4,10.2,0.399,2.4,3.1,11.8,1085,14.9,0.535,0.179,7.1,23.4,28,1.4,0.4,-1.2,-0.8,0.3
Bol Bol,2200000,PF,23,ORL,70,21.5,6.8,0.546,5.8,1,9.1,1505,14.4,0.603,0.226,15.2,6.9,18.2,2.3,-1.8,0.9,-0.9,0.4
Peyton Watson,2193960,SG,20,DEN,23,8.1,2.6,0.492,1.6,0.5,3.3,186,12.8,0.553,0.339,11.4,7.9,17.7,0.3,-2.7,-0.1,-2.8,0
Udoka Azubuike,2174880,C,23,UTA,36,10,2,0.819,3.3,0.3,3.5,359,16.1,0.774,0.278,17.9,4.3,11.5,1,-1.2,0.5,-0.6,0.1
Jaden McDaniels,2161440,SF,22,MIN,79,30.6,9.1,0.517,3.9,1.9,12.1,2416,12,0.611,0.201,7.1,8.4,15.8,4.4,-1.7,0.5,-1.2,0.5
Jordan McLaughlin,2160000,PG,26,MIN,43,15.8,3.4,0.421,1.4,3.4,3.7,678,11.8,0.526,0.124,5.1,27.4,11.7,1.3,-1.3,0.6,-0.7,0.2
Malachi Flynn,2145720,PG,24,TOR,53,13,4.6,0.36,1.4,1.3,4.6,691,8.7,0.479,0.136,6.2,13.7,17.4,0.5,-3.3,-0.8,-4.1,-0.4
Cam Thomas,2138160,SG,21,BRK,57,16.6,8,0.441,1.7,1.4,10.6,948,14.7,0.567,0.382,5.6,12.7,27.8,1,-0.7,-2,-2.7,-0.2
Luke Kornet,2133278,C,27,BOS,69,11.7,2.5,0.665,2.9,0.8,3.8,804,16.7,0.697,0.229,13.4,9.1,11.5,3.3,-0.4,1.3,1,0.6
Damion Lee,2133278,SG,30,PHO,74,20.4,6.1,0.442,3,1.3,8.2,1506,10.7,0.607,0.23,8.3,8.9,16.3,2.6,-1.3,-0.4,-1.7,0.1
Juan Toscano-Anderson,2133278,SF,29,LAL/UTA,52,13.5,2.8,0.448,2.4,1.3,3,700,7.2,0.505,0.168,9.5,11.8,11.3,0.5,-4.6,0.8,-3.8,-0.3
Desmond Bane,2130240,SG,24,MEM,58,31.7,16.2,0.479,5,4.4,21.5,1841,19.1,0.606,0.218,8.4,20.8,26.1,5.8,3.3,0.1,3.5,2.5
Jaden Springer,2125200,SG,20,PHI,16,5.6,2.2,0.486,0.9,0.5,2.6,89,17.2,0.545,0.229,9.3,13.8,20.8,0.3,-2.6,2.9,0.3,0.1
Day'Ron Sharpe,2109480,C,21,BRK,48,11.5,3.6,0.544,4.2,0.8,4.7,552,17.8,0.581,0.322,20.4,9.7,19,1.6,-1.8,-0.6,-2.3,0
Tony Bradley,2036318,C,25,CHI,12,2.8,1,0.5,0.9,0.1,1.6,33,21.7,0.69,0.333,18.9,4.4,19.8,0.2,4.4,0.5,4.9,0.1
Frank Ntilikina,2036318,SG,24,DAL,47,12.9,2.8,0.364,1.3,1.2,2.9,607,5.2,0.461,0.25,5.9,12.8,13.1,-0.1,-6.1,-0.7,-6.7,-0.7
Garrison Mathews,2000000,SG,26,HOU/ATL,54,12.7,3.7,0.363,1.4,0.5,4.8,686,9.7,0.573,0.264,5.8,5.1,14.7,1,-2,-0.4,-2.4,-0.1
Jaylin Williams,2000000,C,20,OKC,49,18.7,4.8,0.436,4.9,1.6,5.9,914,11.2,0.559,0.231,14.1,10.7,13.5,1.9,-2.3,0.6,-1.7,0.1
Jeremiah Robinson-Earl,2000000,PF,22,OKC,43,18.9,5.8,0.444,4.2,1,6.8,814,13,0.548,0.169,11.9,7,14.6,1.9,-0.8,-0.7,-1.5,0.1
Kenrich Williams,2000000,PF,28,OKC,53,22.8,6.5,0.517,4.9,2,8,1206,14.4,0.585,0.113,11.6,11.7,13.7,3.3,0.1,0.4,0.5,0.8
Caleb Houstan,2000000,SF,20,ORL,51,15.9,3.6,0.363,1.9,0.6,3.8,812,6.2,0.508,0.099,6.9,4.9,11,0.7,-3.1,-0.9,-4,-0.4
Shake Milton,1997718,SG,26,PHI,76,20.6,6.6,0.479,2.5,3.2,8.4,1567,12.7,0.575,0.231,7.2,22.3,18.5,2.9,-1,-0.9,-2,0
Aaron Holiday,1968175,PG,26,ATL,63,13.4,3.5,0.418,1.2,1.4,3.9,845,9.4,0.528,0.145,4.8,13,13.4,0.9,-2.9,0.9,-2,0
Yuta Watanabe,1968175,SF,28,BRK,58,16,4,0.491,2.4,0.8,5.6,928,12.1,0.637,0.203,8.5,7,13.1,2.1,-0.4,-0.2,-0.6,0.3
Edmond Sumner,1968175,SG,27,BRK,53,13.9,5.1,0.461,1.5,1.3,7.1,736,14,0.597,0.401,6,13.3,22.1,1.3,-2.4,-0.2,-2.6,-0.1
Theo Pinson,1968175,SG,27,DAL,40,8.1,2.2,0.356,1.6,1.2,2.4,323,10.1,0.512,0.149,11.4,19.6,14.7,0.5,-2.5,-0.9,-3.4,-0.1
Thomas Bryant,1968175,C,25,DEN/LAL,59,18.3,6.3,0.623,5.7,0.5,9.8,1081,19.7,0.682,0.341,17,4.3,18.2,4.1,1.1,-0.5,0.6,0.7
Josh Okogie,1968175,SG,24,PHO,72,18.8,5.8,0.391,3.5,1.5,7.3,1350,13.3,0.531,0.464,10.3,10.3,17.7,2.8,-0.8,0.5,-0.2,0.6
Drew Eubanks,1968175,C,25,POR,78,20.3,4.3,0.641,5.4,1.3,6.6,1584,16.2,0.666,0.374,15.2,9.2,12.5,4.4,-0.9,0.9,0.1,0.8
Dean Wade,1930681,PF,26,CLE,44,20.3,4,0.412,3.4,0.8,4.7,891,8.5,0.55,0.13,9.9,5.4,10.2,1.8,-2.9,2.1,-0.7,0.3
Terance Mann,1930681,SG,26,LAC,81,23.1,6.5,0.519,3.4,2.3,8.8,1872,13.4,0.619,0.225,8.3,14,15.3,4.3,-0.3,0.1,-0.2,0.8
Jaylen Nowell,1930681,SG,23,MIN,65,19.3,9.6,0.448,2.6,2,10.8,1252,13.7,0.527,0.158,7.6,15.9,25,1.2,-1.5,-1,-2.5,-0.2
Naz Reid,1930681,C,23,MIN,68,18.4,8.5,0.537,4.9,1.1,11.5,1251,18.5,0.617,0.22,14.9,9.6,24.8,3,0.3,0.8,1,1
Jalen McDaniels,1930681,SF,25,PHI/CHO,80,23.9,7.7,0.455,4.3,1.6,9.4,1913,11.8,0.557,0.224,9.9,9.6,17.2,2.7,-2.7,0.6,-2.1,-0.1
Daniel Gafford,1930681,C,24,WAS,78,20.6,5.1,0.732,5.6,1.1,9,1604,19.7,0.739,0.473,15,7.5,15.2,6.1,0.4,0.6,1,1.2
Chimezie Metu,1910860,PF,25,SAC,66,10.4,3.3,0.589,3,0.6,4.9,689,17.3,0.639,0.333,16.4,8.1,17.6,2.1,-0.3,0.2,-0.1,0.3
Davon Reed,1902133,SG,27,DEN/LAL,43,8,2,0.333,1.4,0.5,2.1,342,6.2,0.471,0.286,9.9,8.2,14.5,0.1,-5.4,0,-5.3,-0.3
KZ Okpala,1902133,PF,23,SAC,35,7.1,1.1,0.421,1,0.4,1.3,248,6.2,0.554,0.211,7.8,6.3,8.4,0.3,-4.3,1.1,-3.2,-0.1
Wenyen Gabriel,1878720,C,25,LAL,68,15.1,3.8,0.596,4.2,0.5,5.5,1024,14.4,0.626,0.323,15,4.8,14.1,2.8,-2.3,0.1,-2.2,-0.1
Thanasis Antetokounmpo,1878720,PF,30,MIL,37,5.6,1.2,0.435,1.2,0.4,1.4,206,6.7,0.458,0.478,11.1,9.3,13.8,0.1,-6.5,-1.1,-7.6,-0.3
Moritz Wagner,1878720,C,25,ORL,57,19.5,6.9,0.5,4.5,1.5,10.5,1109,17.4,0.63,0.46,13.2,11.5,21.1,3.4,0.4,0.2,0.6,0.7
Keita Bates-Diop,1878720,PF,27,SAS,67,21.7,6.9,0.508,3.7,1.5,9.7,1452,14.9,0.609,0.323,9.3,9.8,16.7,2.7,0.3,-0.9,-0.6,0.5
Oshae Brissett,1846738,PF,24,IND,65,16.7,4.9,0.386,3.4,0.7,6.1,1083,10.6,0.52,0.455,11.2,5.4,16.1,1.1,-2,-1.2,-3.2,-0.3
Nathan Knight,1836090,C,25,MIN,38,7.7,2.1,0.568,1.5,0.3,3.7,291,14.5,0.655,0.704,10.8,6.1,18.7,0.7,-2.4,-0.8,-3.2,-0.1
Justin Jackson,1836090,SF,27,BOS,23,4.7,1.2,0.259,0.7,0.4,0.9,107,6.3,0.359,0.074,8.7,10.5,12.2,0.1,-4.2,1.6,-2.6,0
Isaiah Joe,1836090,SG,23,OKC,73,19.1,7,0.441,2.4,1.2,9.5,1395,14.5,0.626,0.197,6.7,8.7,17.7,3.8,1.3,-0.4,0.9,1
Ryan Arcidiacono,1836090,PG,28,NYK/POR,20,8.6,1.9,0.243,0.8,1.2,1.3,172,2.7,0.351,0,5,16.9,11.1,-0.2,-7.3,-1.5,-8.8,-0.3
Anthony Gill,1836090,PF,30,WAS,59,10.6,2.2,0.538,1.7,0.6,3.3,624,11.1,0.604,0.508,8.8,7.2,12.3,1.3,-2.4,-0.9,-3.3,-0.2
Javonte Green,1815677,SF,29,CHI,32,15,3.4,0.565,2.8,0.7,5.2,480,14.5,0.646,0.417,10.4,6.4,13.6,1.4,-1.1,2.5,1.4,0.4
Gabe Vincent,1815677,PG,26,MIA,68,25.9,8.3,0.402,2.1,2.5,9.4,1759,9,0.533,0.138,4.8,13.9,17.5,1.4,-3.1,-0.3,-3.4,-0.6
Max Strus,1815677,SF,26,MIA,80,28.4,9.9,0.41,3.2,2.1,11.5,2272,10.8,0.557,0.113,6.7,11.2,17.6,3.4,-0.8,-0.9,-1.7,0.2
Nick Richards,1782621,C,25,CHO,65,18.7,4.8,0.629,6.4,0.6,8.2,1217,18.3,0.676,0.585,18.2,4.5,15.6,4.2,-1,-0.2,-1.3,0.2
Lamar Stevens,1782621,SF,25,CLE,62,18.1,4.6,0.448,3.3,0.5,5.3,1120,9.5,0.524,0.198,10.9,4,13.6,1.9,-3,0.2,-2.8,-0.2
Naji Marshall,1782621,SF,25,NOP,77,23.3,7.4,0.433,3.6,2.5,9.1,1792,11.4,0.539,0.306,8.8,14.4,17.8,2.5,-1.9,0,-1.9,0.1
Paul Reed,1782621,C,23,PHI,69,10.9,3,0.593,3.8,0.4,4.2,755,19.2,0.62,0.244,20.5,5.3,16.4,2.8,-1.6,1.5,-0.1,0.4
Tre Jones,1782621,PG,23,SAS,68,29.2,10.9,0.459,3.6,6.6,12.9,1984,16,0.534,0.231,6.7,31.5,19.3,3.4,-0.2,-0.8,-1,0.5
Haywood Highsmith,1752638,PF,26,MIA,54,17.9,4,0.431,3.5,0.8,4.4,969,8.5,0.517,0.13,11.4,6.2,12.5,0.9,-3.7,0.7,-3.1,-0.3
Omer Yurtseven,1752638,C,24,MIA,9,9.2,3,0.593,2.6,0.2,4.4,83,16.7,0.675,0.222,16.2,3.9,18,0.3,-2.5,-1.5,-3.9,0
Leandro Bolmaro,1709300,SF,22,UTA,14,4.9,1.4,0.15,0.5,0.5,0.4,68,-5,0.15,0,5.6,12.3,16.6,-0.3,-12.4,-2.3,-14.7,-0.2
Terry Taylor,1703902,PF,23,CHI/IND,31,8.5,2.4,0.52,1.5,0.3,2.9,264,11,0.557,0.147,9.9,5.1,14.2,0.3,-2.3,-1.8,-4.1,-0.1
Jericho Sims,1639842,C,24,NYK,52,15.6,2.1,0.776,4.7,0.5,3.4,812,13.8,0.78,0.15,16.4,4,7.4,2.6,-1,0.5,-0.5,0.3
Sam Hauser,1637966,SF,25,BOS,80,16.1,5,0.455,2.6,0.9,6.4,1290,12.7,0.634,0.043,8.6,7.6,14.7,3.4,0.6,0.4,1,1
Kessler Edwards,1637966,SF,22,BRK/SAC,36,10.7,2.6,0.387,1.7,0.6,2.8,385,8.4,0.502,0.161,9,7.5,12.7,0.4,-3.2,-0.7,-3.9,-0.2
Vit Krejci,1563518,PG,22,ATL,29,5.7,1.3,0.405,0.9,0.6,1.2,165,7.7,0.475,0.054,8.6,12.4,10.9,0.1,-4.2,0.6,-3.6,-0.1
JT Thor,1563518,PF,20,CHO,69,14,3.4,0.399,2.2,0.5,3.8,969,7,0.506,0.197,8.4,4.9,13.1,0.2,-4.3,-0.4,-4.7,-0.7
Ayo Dosunmu,1563518,SG,23,CHI,80,26.2,7.1,0.493,2.8,2.6,8.6,2098,10.2,0.567,0.144,5.9,13.2,14.9,2.9,-3,0.6,-2.5,-0.2
Isaiah Livers,1563518,PF,24,DET,52,23.1,5.5,0.417,2.8,0.8,6.7,1199,8.4,0.567,0.135,6.6,4.8,11.9,1,-2.1,-0.3,-2.4,-0.1
Daishen Nix,1563518,PG,20,HOU,57,16,4.2,0.342,1.7,2.3,4,914,5.3,0.447,0.152,5.9,19.2,15.4,-1.2,-5,-1.5,-6.5,-1
Jason Preston,1563518,PG,23,LAC,14,8.9,2.9,0.439,1.6,1.9,2.9,124,10.3,0.489,0.049,9.9,30.9,18.3,0.1,-2.1,-0.5,-2.6,0
Austin Reaves,1563518,SG,24,LAL,64,28.8,7.7,0.529,3,3.4,13,1843,14.9,0.687,0.541,5.6,15.7,16.2,5.4,0.6,0.1,0.7,1.2
Jose Alvarado,1563518,PG,24,NOP,61,21.5,8,0.411,2.3,3,9,1310,11.8,0.525,0.164,6.1,19.9,19.8,1.8,-2,0.7,-1.2,0.3
Miles McBride,1563518,PG,22,NYK,64,11.9,3.4,0.358,0.8,1.1,3.5,760,8.4,0.475,0.195,3.6,12.4,14.6,0.7,-3.6,1.4,-2.3,-0.1
Aaron Wiggins,1563518,SG,24,OKC,70,18.5,5.2,0.512,3,1.1,6.8,1297,12.2,0.607,0.196,8.7,8.3,14.5,2.6,-1.5,-0.5,-2.1,0
Jock Landale,1563518,C,27,PHO,69,14.2,4.9,0.528,4.1,1,6.6,979,16.4,0.595,0.312,15.8,10.1,19.3,2.7,-0.7,-0.4,-1.1,0.2
Trendon Watford,1563518,PF,22,POR,62,19.1,5.2,0.56,3.8,2.1,7.4,1182,13.6,0.625,0.31,11.6,16,16.1,2.1,-1.4,-0.4,-1.8,0.1
Dalano Banton,1563518,PG,23,TOR,31,9,4.2,0.423,1.5,1.2,4.6,279,14.9,0.505,0.185,9.1,19.3,24.2,0.4,-1.1,0.6,-0.5,0.1
Christian Koloko,1500000,C,22,TOR,58,13.8,2.6,0.48,2.9,0.5,3.1,802,11.4,0.517,0.393,12.1,5,10.4,1.7,-4.3,0.8,-3.5,-0.3
Bryce McGowens,1461055,SG,20,CHO,46,17.1,4.4,0.396,2,1.2,5.3,787,7.2,0.519,0.396,6.3,9.1,15,0.1,-4.6,-1.4,-6,-0.8
Jordan Goodwin,1280206,PG,24,WAS,62,17.8,5.7,0.448,3.3,2.7,6.6,1106,14.8,0.531,0.195,10.3,20.8,17.3,2.2,-0.7,1.4,0.7,0.8
Kennedy Chandler,1200000,PG,20,MEM,36,7.8,2.3,0.422,1.1,1.6,2.2,281,10.6,0.44,0.157,7.2,26.4,15.8,0.3,-3.3,0.6,-2.7,0
Noah Vonleh,1160955,C,27,BOS,23,7.4,1,0.458,2.1,0.3,1.1,171,5.9,0.502,0.083,15.3,5.1,9.2,0.2,-7,0.7,-6.3,-0.2
Sandro Mamukelashvili,1116112,C,23,SAS/MIL,43,15.3,5.3,0.422,4.3,1.4,6.1,660,13.4,0.516,0.248,15.1,12.8,18.2,0.9,-1.1,-1.3,-2.4,-0.1
Tyrese Martin,1017781,SG,23,ATL,16,4.1,1.4,0.391,0.8,0.1,1.3,66,7.7,0.44,0.087,10,3.9,16.5,0,-4.2,-3.1,-7.4,-0.1
Jaden Hardy,1017781,SG,20,DAL,48,14.8,6.9,0.438,1.9,1.4,8.8,708,14.6,0.571,0.237,7.3,14.9,26.4,0.7,-0.4,-1.9,-2.3,0
Ryan Rollins,1017781,PG,20,GSW,12,5.2,1.7,0.35,1,0.5,1.9,62,-1.4,0.508,0.3,10.6,12.4,26.1,-0.3,-11.3,-3.7,-15,-0.2
Max Christie,1017781,SG,19,LAL,41,12.5,2.6,0.415,1.8,0.5,3.1,512,7.4,0.566,0.151,7.8,5.1,10.4,0.6,-3.2,0,-3.1,-0.1
Josh Minott,1017781,SF,20,MIN,15,6.4,2.4,0.5,1.7,0.3,3.1,96,17.9,0.582,0.222,14.6,7.5,18.9,0.3,-1.9,0.4,-1.6,0
Jabari Walker,1017781,SF,20,POR,56,11.1,3.5,0.419,2.3,0.6,3.9,619,9.6,0.496,0.227,12.2,7.8,17.3,0.2,-3.9,-2.1,-6.1,-0.6
Eugene Omoruyi,1013119,SF,25,DET/OKC,40,16.1,5.7,0.443,2.8,0.7,7,645,10.9,0.533,0.329,9.4,6.3,19.3,0.6,-3.5,-0.9,-4.4,-0.4
Kris Dunn,1000001,PG,28,UTA,22,25.8,9.8,0.537,4.5,5.6,13.2,568,19.1,0.606,0.245,9.5,32.3,20.2,1.9,0.7,1.7,2.4,0.6
Admiral Schofield,877940,PF,25,ORL,37,12.2,3.3,0.451,1.7,0.8,4.2,451,10.1,0.587,0.189,7.8,9.6,14.1,0.8,-2.2,-0.7,-2.9,-0.1
Moses Brown,824041,C,23,BRK/LAC,36,8.2,2.7,0.635,3.9,0.1,4.3,294,22.2,0.607,0.75,26.5,2.1,21.2,1.1,0.6,-1.2,-0.6,0.1
Matt Ryan,806097,SF,25,LAL/MIN,34,9.1,3.2,0.37,0.8,0.5,3.6,310,8.1,0.538,0.111,4.6,6.9,16.5,0.3,-1.9,-1.5,-3.4,-0.1
PJ Dozier,784654,SF,26,SAC,16,4.9,2.1,0.303,0.9,0.6,1.4,79,5.2,0.333,0,10.1,16.3,20.6,-0.2,-8.6,0.7,-7.8,-0.1
Cody Zeller,743922,C,30,MIA,15,14.5,3.9,0.627,4.3,0.7,6.5,217,16.4,0.659,0.593,17.3,7.2,18.1,0.7,-2,-0.7,-2.8,0
Meyers Leonard,713558,C,30,MIL,9,12.7,3.2,0.483,3.8,0.1,4.8,114,12,0.652,0.31,15.5,1.2,14.4,0.3,-2.8,-2.2,-5,-0.1
Anthony Lamb,694878,SF,25,GSW,62,19.3,5.1,0.471,3.5,1.5,6.7,1195,10.9,0.61,0.191,9.9,10.5,13.8,2.4,-1.6,0.4,-1.1,0.3
Trent Forrest,508891,SG,24,ATL,23,12,2.6,0.417,1.6,1.7,2.3,277,6.1,0.424,0.05,7.3,16.5,11.6,-0.1,-5.3,0.2,-5.1,-0.2
JD Davison,508891,SG,20,BOS,12,5.5,1.6,0.421,0.8,0.9,1.6,66,10.1,0.478,0.105,7.4,22.4,15.8,0.1,-4.5,0.4,-4.2,0
Mamadi Diakite,508891,C,26,CLE,22,8,2.3,0.48,1.4,0.4,2.6,176,9,0.56,0.04,10,6.3,16,0.2,-4.9,1.6,-3.4,-0.1
Isaiah Mobley,508891,PF,23,CLE,12,7,2.3,0.429,1.7,0.3,2.6,84,14.1,0.521,0.143,14,5,16.4,0.2,-2.5,1.1,-1.4,0
Jack White,508891,SF,25,DEN,17,3.9,1.1,0.421,1,0.2,1.2,66,12.6,0.517,0.158,14.8,7.7,14.7,0.1,-2.6,0.7,-1.9,0
Buddy Boeheim,508891,SF,23,DET,10,9,2.7,0.185,0.6,0.4,1.6,90,0.5,0.287,0.074,3.7,5.8,13.2,-0.2,-7.5,-2,-9.5,-0.2
Jamal Cain,508891,PF,23,MIA,18,13.3,3.7,0.561,2.9,0.7,5.4,240,16.5,0.647,0.333,12.7,7.6,15.1,0.8,-0.5,1.3,0.8,0.2
Luka Garza,508891,C,24,MIN,28,8.7,4.1,0.543,2.3,0.6,6.5,243,23,0.652,0.448,14.5,11.8,26.9,1.1,2.2,-2.6,-0.4,0.1
Kevon Harris,508891,SG,25,ORL,34,13.4,3.1,0.439,2.1,0.5,4.1,457,9.2,0.564,0.383,8.7,4.7,13.7,0.6,-3.5,-0.1,-3.6,-0.2
Keon Ellis,508891,SG,23,SAC,16,4.4,1,0.438,0.5,0.4,1.5,71,14,0.629,0.438,6.4,10.5,12.1,0.2,-0.1,1.4,1.3,0.1
Dominick Barlow,508891,PF,19,SAS,28,14.6,3.1,0.535,3.6,0.9,3.9,408,12.4,0.567,0.291,13.7,7.6,11.3,0.7,-3.7,-0.8,-4.6,-0.3
Julian Champagnie,508891,SF,21,SAS/PHI,17,18.8,7.6,0.454,3.5,0.6,9.7,320,13.4,0.6,0.131,10.2,4.5,19.2,0.4,-0.6,-2.7,-3.3,-0.1
Jeff Dowtin,508891,PG,25,TOR,25,10.4,2.3,0.439,0.9,1.2,2.4,259,9.9,0.5,0.158,5,15.5,10.9,0.4,-2.8,0.9,-1.9,0
Johnny Juzang,508891,SG,21,UTA,18,12.9,5.8,0.337,2.2,0.4,4.8,232,6.5,0.411,0.038,9.1,4.7,19.6,-0.2,-4.3,-2.2,-6.5,-0.3
John Butler,503041,C,20,POR,19,11.6,2.8,0.321,0.9,0.6,2.4,221,5.7,0.411,0.075,4.4,6.5,11,0,-5.4,-0.8,-6.2,-0.2
Facundo Campazzo,464299,PG,31,DAL,8,6.5,1.6,0.231,0.3,1.1,1.3,52,7.8,0.36,0.154,2.2,22.6,14.7,0,-4.8,3.6,-1.2,0
Orlando Robinson,386055,C,22,MIA,31,13.7,2.9,0.528,4.1,0.8,3.7,425,13.4,0.565,0.348,17.4,8.4,12.4,1.1,-2.7,0.7,-2.1,0
Dru Smith,374357,SG,25,BRK/MIA,15,10.5,3,0.4,1.6,1.5,2.9,158,11.4,0.475,0.067,8.7,19.3,13.8,0.3,-3.8,2.9,-0.9,0
Jared Rhoden,307089,SG,23,DET,14,14.1,3.1,0.386,2.6,0.3,3.2,198,6.5,0.482,0.136,10.4,2.8,10.7,0.1,-5,-1.1,-6.1,-0.2
Jarrett Culver,260295,SF,23,ATL,10,13.7,4.3,0.395,3.8,0.6,4.4,137,9.5,0.452,0.302,15.2,5.5,17.1,0,-4.8,0.6,-4.2,-0.1
Olivier Sarr,257371,C,23,OKC,9,12.7,3.3,0.5,3.4,0.4,4,114,11.5,0.544,0.233,14.6,4.6,13.6,0.2,-4.2,-0.7,-4.9,-0.1
Quenton Jackson,219630,PG,24,WAS,9,15,4.7,0.452,0.9,1.7,6.2,135,12.2,0.542,0.524,3.3,15.1,17.9,0.2,-3.7,-1.5,-5.1,-0.1
Jordan Hall,193027,SF,21,SAS,9,9.2,3.1,0.321,1.3,1.2,3.1,83,5.5,0.438,0.321,7.9,17,19.4,-0.1,-4.7,-2.9,-7.6,-0.1
Xavier Cooks,140384,PF,27,WAS,10,12.6,2.8,0.607,3.8,0.6,3.8,126,14.3,0.586,0.357,16.8,6.4,13.9,0.2,-3.2,-0.4,-3.6,-0.1
